{"cameraMode":{"drawMode":0,"name":"Shaded","section":"Shading Mode"},"sceneLighting":true,"audioPlay":false,"sceneViewState":{"showFog":true,"showMaterialUpdate":false,"showSkybox":true,"showFlares":true,"showImageEffects":true,"showParticleSystems":true},"in2DMode":false,"pivot":{"x":-0.7923917174339294,"y":4.584654331207275,"z":2.3492071628570558},"rotation":{"x":-0.0026269543450325729,"y":-0.6836032271385193,"z":0.0024611179251223804,"w":-0.7298466563224793},"size":5.01245641708374,"orthographic":true}